areaCode,areaName,areaType,date,cumCasesByPublishDate,cumDeaths28DaysByPublishDate,newCasesByPublishDate,newDeaths28DaysByPublishDate
K02000001,United Kingdom,overview,2022-05-20,22238713,177977,6338,87
K02000001,United Kingdom,overview,2022-05-19,22232377,177890,12208,169
K02000001,United Kingdom,overview,2022-05-18,22220178,177721,7791,126
K02000001,United Kingdom,overview,2022-05-17,22212395,177595,8603,185
K02000001,United Kingdom,overview,2022-05-16,22203799,177410,22337,153
K02000001,United Kingdom,overview,2022-05-15,22181462,177257,173,0
K02000001,United Kingdom,overview,2022-05-14,22181289,177257,1082,5
K02000001,United Kingdom,overview,2022-05-13,22180207,177252,6592,151
K02000001,United Kingdom,overview,2022-05-12,22173620,177101,14564,186
K02000001,United Kingdom,overview,2022-05-11,22158820,176915,8135,207
K02000001,United Kingdom,overview,2022-05-10,22150700,176708,10413,284
K02000001,United Kingdom,overview,2022-05-09,22140287,176424,26280,212
K02000001,United Kingdom,overview,2022-05-08,22114034,176212,0,0
K02000001,United Kingdom,overview,2022-05-07,22114034,176212,0,0
K02000001,United Kingdom,overview,2022-05-06,22114034,176212,11076,228
K02000001,United Kingdom,overview,2022-05-05,22102983,175984,12487,438
K02000001,United Kingdom,overview,2022-05-04,22090523,175546,16611,227
K02000001,United Kingdom,overview,2022-05-03,22073858,175319,35635,407
K02000001,United Kingdom,overview,2022-05-02,22038340,174912,0,0
K02000001,United Kingdom,overview,2022-05-01,22038340,174912,0,0
K02000001,United Kingdom,overview,2022-04-30,22038340,174912,0,0
K02000001,United Kingdom,overview,2022-04-29,22038340,174912,12421,216
K02000001,United Kingdom,overview,2022-04-28,22025925,174696,14030,248
K02000001,United Kingdom,overview,2022-04-27,22011920,174448,17224,304
K02000001,United Kingdom,overview,2022-04-26,21994809,174144,16579,451
K02000001,United Kingdom,overview,2022-04-25,21978198,173693,45077,341
K02000001,United Kingdom,overview,2022-04-24,21933206,173352,0,0
K02000001,United Kingdom,overview,2022-04-23,21933206,173352,0,0
K02000001,United Kingdom,overview,2022-04-22,21933206,173352,19795,284
K02000001,United Kingdom,overview,2022-04-21,21913483,173068,23456,682
K02000001,United Kingdom,overview,2022-04-20,21890037,172386,26147,508
K02000001,United Kingdom,overview,2022-04-19,21863944,171878,116227,482
K02000001,United Kingdom,overview,2022-04-18,21747638,171396,0,0
K02000001,United Kingdom,overview,2022-04-17,21747638,171396,0,0
K02000001,United Kingdom,overview,2022-04-16,21747638,171396,0,0
K02000001,United Kingdom,overview,2022-04-15,21747638,171396,0,0
K02000001,United Kingdom,overview,2022-04-14,21747638,171396,32608,350
K02000001,United Kingdom,overview,2022-04-13,21715116,171046,35926,651
K02000001,United Kingdom,overview,2022-04-12,21679280,170395,37819,288
K02000001,United Kingdom,overview,2022-04-11,21640901,170107,91201,348
K02000001,United Kingdom,overview,2022-04-10,21549830,169759,0,0
K02000001,United Kingdom,overview,2022-04-09,21549830,169759,0,0
K02000001,United Kingdom,overview,2022-04-08,21549830,169759,41384,347
K02000001,United Kingdom,overview,2022-04-07,21508546,169412,47126,317
K02000001,United Kingdom,overview,2022-04-06,21461556,169095,51253,233
K02000001,United Kingdom,overview,2022-04-05,21410305,166148,50202,368
K02000001,United Kingdom,overview,2022-04-04,21359681,165780,143382,210
K02000001,United Kingdom,overview,2022-04-03,21216874,165570,0,0
K02000001,United Kingdom,overview,2022-04-02,21216874,165570,0,0
K02000001,United Kingdom,overview,2022-04-01,21216874,165570,69811,191
K02000001,United Kingdom,overview,2022-03-31,21147425,165379,74720,192
K02000001,United Kingdom,overview,2022-03-30,21073009,165187,87188,213
K02000001,United Kingdom,overview,2022-03-29,20986171,164974,80830,303
K02000001,United Kingdom,overview,2022-03-28,20905515,164671,215001,217
K02000001,United Kingdom,overview,2022-03-27,20691123,164454,0,0
K02000001,United Kingdom,overview,2022-03-26,20691123,164454,0,0
K02000001,United Kingdom,overview,2022-03-25,20691123,164454,77509,172
K02000001,United Kingdom,overview,2022-03-24,20613817,164282,98204,165
K02000001,United Kingdom,overview,2022-03-23,20515998,164123,102483,194
K02000001,United Kingdom,overview,2022-03-22,20413731,163929,94524,250
K02000001,United Kingdom,overview,2022-03-21,20319434,163679,226524,169
K02000001,United Kingdom,overview,2022-03-20,20093762,163511,0,0
K02000001,United Kingdom,overview,2022-03-19,20093762,163511,0,0
K02000001,United Kingdom,overview,2022-03-18,20093762,163511,90349,126
K02000001,United Kingdom,overview,2022-03-17,20001627,163386,89717,138
K02000001,United Kingdom,overview,2022-03-16,19911155,163248,91345,153
K02000001,United Kingdom,overview,2022-03-15,19820181,163095,109802,200
K02000001,United Kingdom,overview,2022-03-14,19700952,162873,170985,135
K02000001,United Kingdom,overview,2022-03-13,19530485,162738,0,0
K02000001,United Kingdom,overview,2022-03-12,19530485,162738,0,0
K02000001,United Kingdom,overview,2022-03-11,19530485,162738,72898,114
K02000001,United Kingdom,overview,2022-03-10,19457976,162624,71259,142
K02000001,United Kingdom,overview,2022-03-09,19373884,162482,67159,123
K02000001,United Kingdom,overview,2022-03-08,19307014,162359,61900,212
K02000001,United Kingdom,overview,2022-03-07,19245301,162147,126604,139
K02000001,United Kingdom,overview,2022-03-06,19119181,162008,0,0
K02000001,United Kingdom,overview,2022-03-05,19119181,162008,0,0
K02000001,United Kingdom,overview,2022-03-04,19119181,162008,44740,110
K02000001,United Kingdom,overview,2022-03-03,19074696,161898,45656,194
K02000001,United Kingdom,overview,2022-03-02,19029321,161704,44017,74
K02000001,United Kingdom,overview,2022-03-01,18985568,161630,39000,194
K02000001,United Kingdom,overview,2022-02-28,18886701,161361,82451,138
K02000001,United Kingdom,overview,2022-02-27,18804765,161224,0,0
K02000001,United Kingdom,overview,2022-02-26,18804765,161224,0,0
K02000001,United Kingdom,overview,2022-02-25,18804765,161224,31933,120
K02000001,United Kingdom,overview,2022-02-24,18773164,161104,38933,125
K02000001,United Kingdom,overview,2022-02-23,18734683,160979,39656,164
K02000001,United Kingdom,overview,2022-02-22,18695448,160815,41130,205
K02000001,United Kingdom,overview,2022-02-21,18654572,160610,38409,15
K02000001,United Kingdom,overview,2022-02-20,18616433,160595,31170,74
K02000001,United Kingdom,overview,2022-02-19,18585423,160521,39693,142
K02000001,United Kingdom,overview,2022-02-18,18546205,160379,47685,158
K02000001,United Kingdom,overview,2022-02-17,18499058,160221,51899,183
K02000001,United Kingdom,overview,2022-02-16,18447706,160038,54218,199
K02000001,United Kingdom,overview,2022-02-15,18393951,159839,46186,234
K02000001,United Kingdom,overview,2022-02-14,18348029,159605,41648,35
K02000001,United Kingdom,overview,2022-02-13,18306704,159570,41270,52
K02000001,United Kingdom,overview,2022-02-12,18265918,159518,46025,167
K02000001,United Kingdom,overview,2022-02-11,18220515,159351,58899,193
K02000001,United Kingdom,overview,2022-02-10,18162199,159158,66638,206
K02000001,United Kingdom,overview,2022-02-09,18000119,158953,68214,276
K02000001,United Kingdom,overview,2022-02-08,17932803,158677,66183,314
K02000001,United Kingdom,overview,2022-02-07,17866632,158363,57623,45
K02000001,United Kingdom,overview,2022-02-06,17809459,158318,57337,75
K02000001,United Kingdom,overview,2022-02-05,17752892,158243,63493,259
K02000001,United Kingdom,overview,2022-02-04,17689885,157984,84053,254
K02000001,United Kingdom,overview,2022-02-03,17607832,157730,88171,303
K02000001,United Kingdom,overview,2022-02-02,17519708,157427,92594,552
K02000001,United Kingdom,overview,2022-02-01,17428345,156875,112458,219
K02000001,United Kingdom,overview,2022-01-31,17315893,155754,92368,51
K02000001,United Kingdom,overview,2022-01-30,16478467,155704,69007,91
K02000001,United Kingdom,overview,2022-01-29,16409459,155613,76069,296
K02000001,United Kingdom,overview,2022-01-28,16333980,155317,89176,277
K02000001,United Kingdom,overview,2022-01-27,16245474,155040,96871,338
K02000001,United Kingdom,overview,2022-01-26,16149319,154702,102292,346
K02000001,United Kingdom,overview,2022-01-25,16047716,154356,94326,439
K02000001,United Kingdom,overview,2022-01-24,15953685,153916,88447,56
K02000001,United Kingdom,overview,2022-01-23,15866316,153862,78317,75
K02000001,United Kingdom,overview,2022-01-22,15787937,153787,80263,297
K02000001,United Kingdom,overview,2022-01-21,15709059,153490,95787,288
K02000001,United Kingdom,overview,2022-01-20,15613283,153202,107364,330
K02000001,United Kingdom,overview,2022-01-19,15506750,152872,108069,359
K02000001,United Kingdom,overview,2022-01-18,15399300,152513,94432,438
K02000001,United Kingdom,overview,2022-01-17,15305410,152075,84429,85
K02000001,United Kingdom,overview,2022-01-16,15221366,151990,75041,91
K02000001,United Kingdom,overview,2022-01-15,15147099,151899,81713,287
K02000001,United Kingdom,overview,2022-01-14,15066395,151612,99652,270
K02000001,United Kingdom,overview,2022-01-13,14967817,151342,109133,335
K02000001,United Kingdom,overview,2022-01-12,14862138,151007,129587,398
K02000001,United Kingdom,overview,2022-01-11,14732594,150609,120821,379
K02000001,United Kingdom,overview,2022-01-10,14617314,150230,142224,77
K02000001,United Kingdom,overview,2022-01-09,14475192,150154,141472,97
K02000001,United Kingdom,overview,2022-01-08,14333794,150057,146390,313
K02000001,United Kingdom,overview,2022-01-07,14193228,149744,178250,229
K02000001,United Kingdom,overview,2022-01-06,14015065,149515,179756,231
K02000001,United Kingdom,overview,2022-01-05,13835334,149284,194747,334
K02000001,United Kingdom,overview,2022-01-04,13641520,148950,218724,49
K02000001,United Kingdom,overview,2022-01-03,13422815,148901,157758,42
K02000001,United Kingdom,overview,2022-01-02,13266431,148859,151663,73
K02000001,United Kingdom,overview,2022-01-01,13117469,148786,179637,162
K02000001,United Kingdom,overview,2021-12-31,12937886,148624,189846,203
K02000001,United Kingdom,overview,2021-12-30,12748050,148421,189213,332
K02000001,United Kingdom,overview,2021-12-29,12559926,148089,183037,57
K02000001,United Kingdom,overview,2021-12-28,12377822,148032,138831,19
K02000001,United Kingdom,overview,2021-12-27,12239797,148013,109077,143
K02000001,United Kingdom,overview,2021-12-26,12132098,147870,119923,3
K02000001,United Kingdom,overview,2021-12-25,12013153,147867,121880,10
K02000001,United Kingdom,overview,2021-12-24,11891292,147857,122186,137
K02000001,United Kingdom,overview,2021-12-23,11769921,147720,119789,147
K02000001,United Kingdom,overview,2021-12-22,11647473,147573,109655,140
K02000001,United Kingdom,overview,2021-12-21,11542143,147433,90629,172
K02000001,United Kingdom,overview,2021-12-20,11453121,147261,91743,44
K02000001,United Kingdom,overview,2021-12-19,11361387,147218,82886,45
K02000001,United Kingdom,overview,2021-12-18,11279428,147173,90418,125
K02000001,United Kingdom,overview,2021-12-17,11190354,147048,93045,111
K02000001,United Kingdom,overview,2021-12-16,11097851,146937,88376,146
K02000001,United Kingdom,overview,2021-12-15,11010286,146791,78610,165
K02000001,United Kingdom,overview,2021-12-14,10932545,146627,59610,150
K02000001,United Kingdom,overview,2021-12-13,10873468,146477,54661,38
K02000001,United Kingdom,overview,2021-12-12,10819515,146439,48854,52
K02000001,United Kingdom,overview,2021-12-11,10771444,146387,54073,132
K02000001,United Kingdom,overview,2021-12-10,10719165,146255,58194,120
K02000001,United Kingdom,overview,2021-12-09,10660981,146135,50867,148
K02000001,United Kingdom,overview,2021-12-08,10610958,145987,51342,161
K02000001,United Kingdom,overview,2021-12-07,10560341,145826,45691,180
K02000001,United Kingdom,overview,2021-12-06,10515239,145646,51459,41
K02000001,United Kingdom,overview,2021-12-05,10464389,145605,43992,54
K02000001,United Kingdom,overview,2021-12-04,10421104,145551,42848,127
K02000001,United Kingdom,overview,2021-12-03,10379647,145424,50584,143
K02000001,United Kingdom,overview,2021-12-02,10329074,145281,53945,141
K02000001,United Kingdom,overview,2021-12-01,10276007,145140,48374,171
K02000001,United Kingdom,overview,2021-11-30,10228772,144969,39716,159
K02000001,United Kingdom,overview,2021-11-29,10189059,144810,42583,35
K02000001,United Kingdom,overview,2021-11-28,10146915,144775,37681,51
K02000001,United Kingdom,overview,2021-11-27,10110408,144724,39567,131
K02000001,United Kingdom,overview,2021-11-26,10070841,144593,50091,160
K02000001,United Kingdom,overview,2021-11-25,10021497,144433,47240,147
K02000001,United Kingdom,overview,2021-11-24,9974843,144286,43676,149
K02000001,United Kingdom,overview,2021-11-23,9932408,144137,42484,165
K02000001,United Kingdom,overview,2021-11-22,9889926,143972,44917,45
K02000001,United Kingdom,overview,2021-11-21,9845492,143927,40004,61
K02000001,United Kingdom,overview,2021-11-20,9806034,143866,40941,150
K02000001,United Kingdom,overview,2021-11-19,9766153,143716,44242,157
K02000001,United Kingdom,overview,2021-11-18,9721916,143559,46807,199
K02000001,United Kingdom,overview,2021-11-17,9675058,143360,38263,201
K02000001,United Kingdom,overview,2021-11-16,9637190,143159,37243,214
K02000001,United Kingdom,overview,2021-11-15,9600369,142945,39705,47
K02000001,United Kingdom,overview,2021-11-14,9561099,142898,36517,63
K02000001,United Kingdom,overview,2021-11-13,9524971,142835,38351,157
K02000001,United Kingdom,overview,2021-11-12,9487302,142678,40375,145
K02000001,United Kingdom,overview,2021-11-11,9448402,142533,42408,195
K02000001,United Kingdom,overview,2021-11-10,9406001,142338,39329,214
K02000001,United Kingdom,overview,2021-11-09,9366676,142124,33117,262
K02000001,United Kingdom,overview,2021-11-08,9333891,141862,32322,57
K02000001,United Kingdom,overview,2021-11-07,9301909,141805,30305,62
K02000001,United Kingdom,overview,2021-11-06,9272066,141743,30693,155
K02000001,United Kingdom,overview,2021-11-05,9241916,141588,34029,193
K02000001,United Kingdom,overview,2021-11-04,9208219,141395,37269,214
K02000001,United Kingdom,overview,2021-11-03,9171660,141181,41299,217
K02000001,United Kingdom,overview,2021-11-02,9130857,140964,33865,293
K02000001,United Kingdom,overview,2021-11-01,9097311,140672,40077,40
K02000001,United Kingdom,overview,2021-10-31,9057629,140632,38009,74
K02000001,United Kingdom,overview,2021-10-30,9019962,140558,41278,166
K02000001,United Kingdom,overview,2021-10-29,8979236,140392,43467,186
K02000001,United Kingdom,overview,2021-10-28,8936155,140206,39842,165
K02000001,United Kingdom,overview,2021-10-27,8897149,140041,43941,207
K02000001,United Kingdom,overview,2021-10-26,8853227,139834,40954,263
K02000001,United Kingdom,overview,2021-10-25,8809774,139571,36567,38
K02000001,United Kingdom,overview,2021-10-24,8773674,139533,39962,72
K02000001,United Kingdom,overview,2021-10-23,8734934,139461,44985,135
K02000001,United Kingdom,overview,2021-10-22,8689949,139326,49298,180
K02000001,United Kingdom,overview,2021-10-21,8641221,139146,52009,115
K02000001,United Kingdom,overview,2021-10-20,8589737,139031,49139,179
K02000001,United Kingdom,overview,2021-10-19,8541192,138852,43738,223
K02000001,United Kingdom,overview,2021-10-18,8497868,138629,49156,45
K02000001,United Kingdom,overview,2021-10-17,8449165,138584,45140,57
K02000001,United Kingdom,overview,2021-10-16,8404469,138527,43423,148
K02000001,United Kingdom,overview,2021-10-15,8361651,138379,44932,145
K02000001,United Kingdom,overview,2021-10-14,8317439,138237,45066,157
K02000001,United Kingdom,overview,2021-10-13,8272883,138080,42776,136
K02000001,United Kingdom,overview,2021-10-12,8231437,137944,38520,181
K02000001,United Kingdom,overview,2021-10-11,8193769,137763,40224,28
K02000001,United Kingdom,overview,2021-10-10,8154306,137735,34574,38
K02000001,United Kingdom,overview,2021-10-09,8120713,137697,34950,133
K02000001,United Kingdom,overview,2021-10-08,8087005,137564,41765,150
K02000001,United Kingdom,overview,2021-10-07,8046390,137417,40701,122
K02000001,United Kingdom,overview,2021-10-06,8006660,137295,39851,143
K02000001,United Kingdom,overview,2021-10-05,7967985,137152,33869,166
K02000001,United Kingdom,overview,2021-10-04,7934936,136986,35077,33
K02000001,United Kingdom,overview,2021-10-03,7900680,136953,30439,43
K02000001,United Kingdom,overview,2021-10-02,7871014,136910,30301,121
K02000001,United Kingdom,overview,2021-10-01,7841625,136789,35577,127
K02000001,United Kingdom,overview,2021-09-30,7807036,136662,36480,137
K02000001,United Kingdom,overview,2021-09-29,7771294,136525,36722,150
K02000001,United Kingdom,overview,2021-09-28,7736235,136375,34526,167
K02000001,United Kingdom,overview,2021-09-27,7701715,136208,37960,40
K02000001,United Kingdom,overview,2021-09-26,7664230,136168,32417,58
K02000001,United Kingdom,overview,2021-09-25,7632353,136110,32468,127
K02000001,United Kingdom,overview,2021-09-24,7601487,135983,35623,180
K02000001,United Kingdom,overview,2021-09-23,7565867,135803,36710,182
K02000001,United Kingdom,overview,2021-09-22,7530103,135621,34460,166
K02000001,United Kingdom,overview,2021-09-21,7496543,135455,31564,203
K02000001,United Kingdom,overview,2021-09-20,7465448,135252,36100,49
K02000001,United Kingdom,overview,2021-09-19,7429746,135203,29612,56
K02000001,United Kingdom,overview,2021-09-18,7400739,135147,30144,164
K02000001,United Kingdom,overview,2021-09-17,7371301,134983,32651,178
K02000001,United Kingdom,overview,2021-09-16,7339009,134805,26911,158
K02000001,United Kingdom,overview,2021-09-15,7312683,134647,30597,201
K02000001,United Kingdom,overview,2021-09-14,7282810,134446,26628,185
K02000001,United Kingdom,overview,2021-09-13,7256559,134261,30825,61
K02000001,United Kingdom,overview,2021-09-12,7226276,134200,29173,56
K02000001,United Kingdom,overview,2021-09-11,7197662,134144,29547,156
K02000001,United Kingdom,overview,2021-09-10,7168806,133988,37622,147
K02000001,United Kingdom,overview,2021-09-09,7132072,133841,38013,167
K02000001,United Kingdom,overview,2021-09-08,7094592,133674,38975,191
K02000001,United Kingdom,overview,2021-09-07,7056106,133483,37489,209
K02000001,United Kingdom,overview,2021-09-06,7018927,133274,41192,45
K02000001,United Kingdom,overview,2021-09-05,6978126,133229,37011,68
K02000001,United Kingdom,overview,2021-09-04,6941611,133161,37578,120
K02000001,United Kingdom,overview,2021-09-03,6904969,133041,42076,121
K02000001,United Kingdom,overview,2021-09-02,6862904,132920,38154,178
K02000001,United Kingdom,overview,2021-09-01,6825074,132742,35693,207
K02000001,United Kingdom,overview,2021-08-31,6789581,132535,32181,50
K02000001,United Kingdom,overview,2021-08-30,6757650,132485,26476,48
K02000001,United Kingdom,overview,2021-08-29,6731423,132437,33196,61
K02000001,United Kingdom,overview,2021-08-28,6698486,132376,32406,133
K02000001,United Kingdom,overview,2021-08-27,6666399,132243,38046,100
K02000001,United Kingdom,overview,2021-08-26,6628709,132143,38281,140
K02000001,United Kingdom,overview,2021-08-25,6590747,132003,35847,149
K02000001,United Kingdom,overview,2021-08-24,6555200,131854,30838,174
K02000001,United Kingdom,overview,2021-08-23,6524581,131680,31914,40
K02000001,United Kingdom,overview,2021-08-22,6492906,131640,32253,49
K02000001,United Kingdom,overview,2021-08-21,6460930,131591,32058,104
K02000001,United Kingdom,overview,2021-08-20,6429147,131487,37314,114
K02000001,United Kingdom,overview,2021-08-19,6392160,131373,36572,113
K02000001,United Kingdom,overview,2021-08-18,6355887,131260,33904,111
K02000001,United Kingdom,overview,2021-08-17,6322241,131149,26852,170
K02000001,United Kingdom,overview,2021-08-16,6295613,130979,28438,26
K02000001,United Kingdom,overview,2021-08-15,6267437,130953,26750,61
K02000001,United Kingdom,overview,2021-08-14,6241011,130894,29520,93
K02000001,United Kingdom,overview,2021-08-13,6211868,130801,32700,100
K02000001,United Kingdom,overview,2021-08-12,6179506,130701,33074,94
K02000001,United Kingdom,overview,2021-08-11,6146800,130607,29612,104
K02000001,United Kingdom,overview,2021-08-10,6117540,130503,23510,146
K02000001,United Kingdom,overview,2021-08-09,6094243,130357,25161,37
K02000001,United Kingdom,overview,2021-08-08,6069362,130320,27429,39
K02000001,United Kingdom,overview,2021-08-07,6042252,130281,28612,103
K02000001,United Kingdom,overview,2021-08-06,6014023,130178,31808,92
K02000001,United Kingdom,overview,2021-08-05,5982581,130086,30215,86
K02000001,United Kingdom,overview,2021-08-04,5952756,130000,29312,119
K02000001,United Kingdom,overview,2021-08-03,5923820,129881,21691,138
K02000001,United Kingdom,overview,2021-08-02,5902354,129743,21952,24
K02000001,United Kingdom,overview,2021-08-01,5880667,129719,24470,65
K02000001,United Kingdom,overview,2021-07-31,5856528,129654,26144,71
K02000001,United Kingdom,overview,2021-07-30,5830774,129583,29622,68
K02000001,United Kingdom,overview,2021-07-29,5801561,129515,31117,85
K02000001,United Kingdom,overview,2021-07-28,5770928,129430,27734,91
K02000001,United Kingdom,overview,2021-07-27,5745526,129303,23511,131
K02000001,United Kingdom,overview,2021-07-26,5722298,129172,24950,14
K02000001,United Kingdom,overview,2021-07-25,5697912,129158,29173,28
K02000001,United Kingdom,overview,2021-07-24,5669260,129130,31795,86
K02000001,United Kingdom,overview,2021-07-23,5637975,129044,36389,64
K02000001,United Kingdom,overview,2021-07-22,5602321,128980,39906,84
K02000001,United Kingdom,overview,2021-07-21,5563006,128896,44104,73
K02000001,United Kingdom,overview,2021-07-20,5519602,128823,46558,96
K02000001,United Kingdom,overview,2021-07-19,5473477,128727,39950,19
K02000001,United Kingdom,overview,2021-07-18,5433939,128708,48161,25
K02000001,United Kingdom,overview,2021-07-17,5386340,128683,54674,41
K02000001,United Kingdom,overview,2021-07-16,5332371,128642,51870,49
K02000001,United Kingdom,overview,2021-07-15,5281098,128593,48553,63
K02000001,United Kingdom,overview,2021-07-14,5233207,128530,42302,49
K02000001,United Kingdom,overview,2021-07-13,5191459,128481,36660,50
K02000001,United Kingdom,overview,2021-07-12,5155243,128431,34471,6
K02000001,United Kingdom,overview,2021-07-11,5121245,128425,31772,26
K02000001,United Kingdom,overview,2021-07-10,5089893,128399,32367,34
K02000001,United Kingdom,overview,2021-07-09,5058093,128365,35707,29
K02000001,United Kingdom,overview,2021-07-08,5022893,128336,32551,35
K02000001,United Kingdom,overview,2021-07-07,4990916,128301,32548,33
K02000001,United Kingdom,overview,2021-07-06,4958868,128268,28773,37
K02000001,United Kingdom,overview,2021-07-05,4930534,128231,27334,9
K02000001,United Kingdom,overview,2021-07-04,4903434,128222,24248,15
K02000001,United Kingdom,overview,2021-07-03,4879616,128207,24885,18
K02000001,United Kingdom,overview,2021-07-02,4855169,128189,27125,27
K02000001,United Kingdom,overview,2021-07-01,4828463,128162,27989,22
K02000001,United Kingdom,overview,2021-06-30,4800907,128140,26068,14
K02000001,United Kingdom,overview,2021-06-29,4775301,128126,20479,23
K02000001,United Kingdom,overview,2021-06-28,4755078,128103,22868,3
K02000001,United Kingdom,overview,2021-06-27,4732434,128100,14876,11
K02000001,United Kingdom,overview,2021-06-26,4717811,128089,18270,23
K02000001,United Kingdom,overview,2021-06-25,4699868,128066,15810,18
K02000001,United Kingdom,overview,2021-06-24,4684572,128048,16703,21
K02000001,United Kingdom,overview,2021-06-23,4667870,128027,16135,19
K02000001,United Kingdom,overview,2021-06-22,4651988,128008,11625,27
K02000001,United Kingdom,overview,2021-06-21,4640507,127981,10633,5
K02000001,United Kingdom,overview,2021-06-20,4630040,127976,9284,6
K02000001,United Kingdom,overview,2021-06-19,4620968,127970,10321,14
K02000001,United Kingdom,overview,2021-06-18,4610893,127956,10476,11
K02000001,United Kingdom,overview,2021-06-17,4600623,127945,11007,19
K02000001,United Kingdom,overview,2021-06-16,4589814,127926,9055,9
K02000001,United Kingdom,overview,2021-06-15,4581006,127917,7673,10
K02000001,United Kingdom,overview,2021-06-14,4573419,127907,7742,3
K02000001,United Kingdom,overview,2021-06-13,4565813,127904,7490,8
K02000001,United Kingdom,overview,2021-06-12,4558494,127896,7738,12
K02000001,United Kingdom,overview,2021-06-11,4550944,127884,8125,17
K02000001,United Kingdom,overview,2021-06-10,4542986,127867,7393,7
K02000001,United Kingdom,overview,2021-06-09,4535754,127860,7540,6
K02000001,United Kingdom,overview,2021-06-08,4528442,127854,6048,13
K02000001,United Kingdom,overview,2021-06-07,4522476,127841,5683,1
K02000001,United Kingdom,overview,2021-06-06,4516892,127840,5341,4
K02000001,United Kingdom,overview,2021-06-05,4511669,127836,5765,13
K02000001,United Kingdom,overview,2021-06-04,4506018,127823,6238,11
K02000001,United Kingdom,overview,2021-06-03,4499878,127812,5274,18
K02000001,United Kingdom,overview,2021-06-02,4494699,127794,4330,12
K02000001,United Kingdom,overview,2021-06-01,4490438,127782,3165,0
K02000001,United Kingdom,overview,2021-05-31,4487339,127782,3383,1
K02000001,United Kingdom,overview,2021-05-30,4484056,127781,3240,6
K02000001,United Kingdom,overview,2021-05-29,4480945,127775,3398,7
K02000001,United Kingdom,overview,2021-05-28,4477705,127768,4182,10
K02000001,United Kingdom,overview,2021-05-27,4473677,127758,3542,10
K02000001,United Kingdom,overview,2021-05-26,4470297,127748,3180,9
K02000001,United Kingdom,overview,2021-05-25,4467310,127739,2493,15
K02000001,United Kingdom,overview,2021-05-24,4464900,127724,2439,3
K02000001,United Kingdom,overview,2021-05-23,4462538,127721,2235,5
K02000001,United Kingdom,overview,2021-05-22,4460446,127716,2694,6
K02000001,United Kingdom,overview,2021-05-21,4457923,127710,2829,9
K02000001,United Kingdom,overview,2021-05-20,4455221,127701,2874,7
K02000001,United Kingdom,overview,2021-05-19,4452527,127694,2696,3
K02000001,United Kingdom,overview,2021-05-18,4450392,127691,2412,7
K02000001,United Kingdom,overview,2021-05-17,4452756,127684,1979,5
K02000001,United Kingdom,overview,2021-05-16,4450777,127679,1926,4
K02000001,United Kingdom,overview,2021-05-15,4448851,127675,2027,7
K02000001,United Kingdom,overview,2021-05-14,4446824,127668,2193,17
K02000001,United Kingdom,overview,2021-05-13,4444631,127651,2657,11
K02000001,United Kingdom,overview,2021-05-12,4441975,127640,2284,11
K02000001,United Kingdom,overview,2021-05-11,4439691,127629,2474,20
K02000001,United Kingdom,overview,2021-05-10,4437217,127609,2357,4
K02000001,United Kingdom,overview,2021-05-09,4434860,127605,1770,2
K02000001,United Kingdom,overview,2021-05-08,4433090,127603,2047,5
K02000001,United Kingdom,overview,2021-05-07,4431043,127598,2490,15
K02000001,United Kingdom,overview,2021-05-06,4428553,127583,2613,13
K02000001,United Kingdom,overview,2021-05-05,4425940,127570,2144,27
K02000001,United Kingdom,overview,2021-05-04,4423796,127543,1946,4
K02000001,United Kingdom,overview,2021-05-03,4421850,127539,1649,1
K02000001,United Kingdom,overview,2021-05-02,4420201,127538,1671,14
K02000001,United Kingdom,overview,2021-05-01,4418530,127524,1907,7
K02000001,United Kingdom,overview,2021-04-30,4416623,127517,2381,15
K02000001,United Kingdom,overview,2021-04-29,4414242,127502,2445,22
K02000001,United Kingdom,overview,2021-04-28,4411797,127480,2166,29
K02000001,United Kingdom,overview,2021-04-27,4409631,127451,2685,17
K02000001,United Kingdom,overview,2021-04-26,4406946,127434,2064,6
K02000001,United Kingdom,overview,2021-04-25,4404882,127428,1712,11
K02000001,United Kingdom,overview,2021-04-24,4403170,127417,2061,32
K02000001,United Kingdom,overview,2021-04-23,4401109,127385,2678,40
K02000001,United Kingdom,overview,2021-04-22,4398431,127345,2729,18
K02000001,United Kingdom,overview,2021-04-21,4395703,127327,2396,22
K02000001,United Kingdom,overview,2021-04-20,4393307,127307,2524,33
K02000001,United Kingdom,overview,2021-04-19,4390783,127274,2963,4
K02000001,United Kingdom,overview,2021-04-18,4387820,127270,1882,10
K02000001,United Kingdom,overview,2021-04-17,4385938,127260,2206,35
K02000001,United Kingdom,overview,2021-04-16,4383732,127225,2596,34
K02000001,United Kingdom,overview,2021-04-15,4380976,127191,2672,30
K02000001,United Kingdom,overview,2021-04-14,4378305,127161,2491,38
K02000001,United Kingdom,overview,2021-04-13,4375814,127123,2472,23
K02000001,United Kingdom,overview,2021-04-12,4373343,127100,3568,13
K02000001,United Kingdom,overview,2021-04-11,4369775,127087,1730,7
K02000001,United Kingdom,overview,2021-04-10,4368045,127080,2589,40
K02000001,United Kingdom,overview,2021-04-09,4365461,127040,3150,60
K02000001,United Kingdom,overview,2021-04-08,4370321,126980,3030,53
K02000001,United Kingdom,overview,2021-04-07,4367291,126927,2763,45
K02000001,United Kingdom,overview,2021-04-06,4364529,126882,2379,20
K02000001,United Kingdom,overview,2021-04-05,4362150,126862,2762,26
K02000001,United Kingdom,overview,2021-04-04,4359388,126836,2297,10
K02000001,United Kingdom,overview,2021-04-03,4357091,126826,3423,10
K02000001,United Kingdom,overview,2021-04-02,4353668,126816,3402,52
K02000001,United Kingdom,overview,2021-04-01,4350266,126764,4479,51
K02000001,United Kingdom,overview,2021-03-31,4345788,126713,4052,43
K02000001,United Kingdom,overview,2021-03-30,4341736,126670,4040,56
K02000001,United Kingdom,overview,2021-03-29,4337696,126615,4654,23
K02000001,United Kingdom,overview,2021-03-28,4333042,126592,3862,19
K02000001,United Kingdom,overview,2021-03-27,4329180,126573,4715,58
K02000001,United Kingdom,overview,2021-03-26,4325315,126515,6187,70
K02000001,United Kingdom,overview,2021-03-25,4319128,126445,6397,63
K02000001,United Kingdom,overview,2021-03-24,4312908,126382,5605,98
K02000001,United Kingdom,overview,2021-03-23,4307304,126284,5379,112
K02000001,United Kingdom,overview,2021-03-22,4301925,126172,5342,17
K02000001,United Kingdom,overview,2021-03-21,4296583,126155,5312,33
K02000001,United Kingdom,overview,2021-03-20,4291271,126122,5587,96
K02000001,United Kingdom,overview,2021-03-19,4285684,126026,4802,101
K02000001,United Kingdom,overview,2021-03-18,4280882,125926,6303,95
K02000001,United Kingdom,overview,2021-03-17,4274579,125831,5758,141
K02000001,United Kingdom,overview,2021-03-16,4268821,125690,5294,110
K02000001,United Kingdom,overview,2021-03-15,4263527,125580,5089,64
K02000001,United Kingdom,overview,2021-03-14,4258438,125516,4618,52
K02000001,United Kingdom,overview,2021-03-13,4253820,125464,5534,121
K02000001,United Kingdom,overview,2021-03-12,4248286,125343,6609,175
K02000001,United Kingdom,overview,2021-03-11,4241677,125168,6753,181
K02000001,United Kingdom,overview,2021-03-10,4234924,124987,5926,190
K02000001,United Kingdom,overview,2021-03-09,4228998,124797,5766,231
K02000001,United Kingdom,overview,2021-03-08,4223232,124566,4712,65
K02000001,United Kingdom,overview,2021-03-07,4218520,124501,5177,82
K02000001,United Kingdom,overview,2021-03-06,4213343,124419,6040,158
K02000001,United Kingdom,overview,2021-03-05,4207304,124261,5947,236
K02000001,United Kingdom,overview,2021-03-04,4201358,124025,6573,242
K02000001,United Kingdom,overview,2021-03-03,4194785,123783,6385,315
K02000001,United Kingdom,overview,2021-03-02,4188400,123296,6391,343
K02000001,United Kingdom,overview,2021-03-01,4182009,122953,5455,104
K02000001,United Kingdom,overview,2021-02-28,4176554,122849,6035,144
K02000001,United Kingdom,overview,2021-02-27,4170519,122705,7434,290
K02000001,United Kingdom,overview,2021-02-26,4163085,122415,8523,345
K02000001,United Kingdom,overview,2021-02-25,4154562,122070,9985,323
K02000001,United Kingdom,overview,2021-02-24,4144577,121747,9938,442
K02000001,United Kingdom,overview,2021-02-23,4134639,121305,8489,548
K02000001,United Kingdom,overview,2021-02-22,4126150,120757,10641,178
K02000001,United Kingdom,overview,2021-02-21,4115509,120580,9834,215
K02000001,United Kingdom,overview,2021-02-20,4105675,120365,10406,445
K02000001,United Kingdom,overview,2021-02-19,4095269,119920,12027,533
K02000001,United Kingdom,overview,2021-02-18,4083242,119387,12057,454
K02000001,United Kingdom,overview,2021-02-17,4071185,118933,12718,738
K02000001,United Kingdom,overview,2021-02-16,4058468,118195,10625,799
K02000001,United Kingdom,overview,2021-02-15,4047843,117396,9765,230
K02000001,United Kingdom,overview,2021-02-14,4038078,117166,10972,258
K02000001,United Kingdom,overview,2021-02-13,4027106,116908,13308,621
K02000001,United Kingdom,overview,2021-02-12,4013799,116287,15144,758
K02000001,United Kingdom,overview,2021-02-11,3998655,115529,13494,678
K02000001,United Kingdom,overview,2021-02-10,3985161,114851,13013,1001
K02000001,United Kingdom,overview,2021-02-09,3972148,113850,12364,1052
K02000001,United Kingdom,overview,2021-02-08,3959784,112798,14104,333
K02000001,United Kingdom,overview,2021-02-07,3945680,112465,15845,373
K02000001,United Kingdom,overview,2021-02-06,3929835,112092,18262,828
K02000001,United Kingdom,overview,2021-02-05,3911573,111264,19114,1014
K02000001,United Kingdom,overview,2021-02-04,3892459,110250,20634,915
K02000001,United Kingdom,overview,2021-02-03,3871825,109335,19202,1322
K02000001,United Kingdom,overview,2021-02-02,3852623,108013,16840,1449
K02000001,United Kingdom,overview,2021-02-01,3835783,106564,18607,406
K02000001,United Kingdom,overview,2021-01-31,3817176,106158,21088,587
K02000001,United Kingdom,overview,2021-01-30,3796088,105571,23275,1200
K02000001,United Kingdom,overview,2021-01-29,3772813,104371,29079,1245
K02000001,United Kingdom,overview,2021-01-28,3743734,103126,28680,1239
K02000001,United Kingdom,overview,2021-01-27,3715054,101887,25308,1725
K02000001,United Kingdom,overview,2021-01-26,3689746,100162,20089,1631
K02000001,United Kingdom,overview,2021-01-25,3669658,98531,22195,592
K02000001,United Kingdom,overview,2021-01-24,3647463,97939,30004,610
K02000001,United Kingdom,overview,2021-01-23,3617459,97329,33552,1348
K02000001,United Kingdom,overview,2021-01-22,3583907,95981,40261,1401
K02000001,United Kingdom,overview,2021-01-21,3543646,94580,37892,1290
K02000001,United Kingdom,overview,2021-01-20,3505754,93290,38905,1820
K02000001,United Kingdom,overview,2021-01-19,3466849,91470,33355,1610
K02000001,United Kingdom,overview,2021-01-18,3433494,89860,37535,599
K02000001,United Kingdom,overview,2021-01-17,3395959,89261,38598,671
K02000001,United Kingdom,overview,2021-01-16,3357361,88590,41346,1295
K02000001,United Kingdom,overview,2021-01-15,3316019,87295,55761,1280
K02000001,United Kingdom,overview,2021-01-14,3260258,86015,48682,1248
K02000001,United Kingdom,overview,2021-01-13,3211576,84767,47525,1564
K02000001,United Kingdom,overview,2021-01-12,3164051,83203,45533,1243
K02000001,United Kingdom,overview,2021-01-11,3118518,81960,46169,529
K02000001,United Kingdom,overview,2021-01-10,3072349,81431,54940,563
K02000001,United Kingdom,overview,2021-01-09,3017409,80868,59937,1035
K02000001,United Kingdom,overview,2021-01-08,2957472,79833,68053,1325
K02000001,United Kingdom,overview,2021-01-07,2889419,78508,52618,1162
K02000001,United Kingdom,overview,2021-01-06,2836801,77346,62322,1041
K02000001,United Kingdom,overview,2021-01-05,2774479,76305,60916,830
K02000001,United Kingdom,overview,2021-01-04,2713563,75475,58784,407
K02000001,United Kingdom,overview,2021-01-03,2654779,75068,54990,455
K02000001,United Kingdom,overview,2021-01-02,2599789,74613,57725,445
K02000001,United Kingdom,overview,2021-01-01,2542065,74168,53285,656
K02000001,United Kingdom,overview,2020-12-31,2488780,73512,55892,964
K02000001,United Kingdom,overview,2020-12-30,2432888,72548,50023,981
K02000001,United Kingdom,overview,2020-12-29,2382865,71567,53135,414
K02000001,United Kingdom,overview,2020-12-28,2329730,71153,41385,357
K02000001,United Kingdom,overview,2020-12-27,2288345,70796,30501,317
K02000001,United Kingdom,overview,2020-12-26,2257844,70479,35691,230
K02000001,United Kingdom,overview,2020-12-25,2222153,70249,32725,613
K02000001,United Kingdom,overview,2020-12-24,2189428,69636,39877,585
K02000001,United Kingdom,overview,2020-12-23,2149551,69051,39237,744
K02000001,United Kingdom,overview,2020-12-22,2110314,68307,36804,691
K02000001,United Kingdom,overview,2020-12-21,2073511,67616,33364,215
K02000001,United Kingdom,overview,2020-12-20,2040147,67401,35928,326
K02000001,United Kingdom,overview,2020-12-19,2004219,67075,27052,534
K02000001,United Kingdom,overview,2020-12-18,1977167,66541,28507,489
K02000001,United Kingdom,overview,2020-12-17,1948660,66052,35383,532
K02000001,United Kingdom,overview,2020-12-16,1913277,65520,25161,613
K02000001,United Kingdom,overview,2020-12-15,1888116,64908,18450,506
K02000001,United Kingdom,overview,2020-12-14,1869666,64402,20263,232
K02000001,United Kingdom,overview,2020-12-13,1849403,64170,18447,144
K02000001,United Kingdom,overview,2020-12-12,1830956,64026,21502,519
K02000001,United Kingdom,overview,2020-12-11,1809455,63506,21672,424
K02000001,United Kingdom,overview,2020-12-10,1787783,63082,20964,516
K02000001,United Kingdom,overview,2020-12-09,1766819,62566,16578,533
K02000001,United Kingdom,overview,2020-12-08,1750241,62033,12282,616
K02000001,United Kingdom,overview,2020-12-07,1737960,61434,14718,189
K02000001,United Kingdom,overview,2020-12-06,1723242,61245,17272,231
K02000001,United Kingdom,overview,2020-12-05,1705971,61014,15539,397
K02000001,United Kingdom,overview,2020-12-04,1690432,60617,16298,504
K02000001,United Kingdom,overview,2020-12-03,1674134,60113,14879,414
K02000001,United Kingdom,overview,2020-12-02,1659256,59699,16170,648
K02000001,United Kingdom,overview,2020-12-01,1643086,59051,13430,603
K02000001,United Kingdom,overview,2020-11-30,1629657,58448,12330,205
K02000001,United Kingdom,overview,2020-11-29,1617327,58245,12155,215
K02000001,United Kingdom,overview,2020-11-28,1605172,58030,15871,479
K02000001,United Kingdom,overview,2020-11-27,1589301,57551,16022,521
K02000001,United Kingdom,overview,2020-11-26,1574562,57031,17555,498
K02000001,United Kingdom,overview,2020-11-25,1557007,56533,18213,696
K02000001,United Kingdom,overview,2020-11-24,1538794,55838,11299,608
K02000001,United Kingdom,overview,2020-11-23,1527495,55230,15450,206
K02000001,United Kingdom,overview,2020-11-22,1512045,55024,18662,398
K02000001,United Kingdom,overview,2020-11-21,1493383,54626,19875,341
K02000001,United Kingdom,overview,2020-11-20,1473508,54286,20252,511
K02000001,United Kingdom,overview,2020-11-19,1453256,53775,22915,501
K02000001,United Kingdom,overview,2020-11-18,1430341,53274,19609,529
K02000001,United Kingdom,overview,2020-11-17,1410732,52745,20051,598
K02000001,United Kingdom,overview,2020-11-16,1390681,52147,21363,213
K02000001,United Kingdom,overview,2020-11-15,1369318,51934,24962,168
K02000001,United Kingdom,overview,2020-11-14,1344356,51766,26860,462
K02000001,United Kingdom,overview,2020-11-13,1317496,51304,27301,376
K02000001,United Kingdom,overview,2020-11-12,1290195,50928,33470,563
K02000001,United Kingdom,overview,2020-11-11,1256725,50365,22950,595
K02000001,United Kingdom,overview,2020-11-10,1233775,49770,20412,532
K02000001,United Kingdom,overview,2020-11-09,1213363,49238,21350,194
K02000001,United Kingdom,overview,2020-11-08,1192013,49044,20572,156
K02000001,United Kingdom,overview,2020-11-07,1171441,48888,24957,413
K02000001,United Kingdom,overview,2020-11-06,1146484,48475,23287,355
K02000001,United Kingdom,overview,2020-11-05,1123197,48120,24141,378
K02000001,United Kingdom,overview,2020-11-04,1099059,47742,25177,492
K02000001,United Kingdom,overview,2020-11-03,1073882,47250,20018,397
K02000001,United Kingdom,overview,2020-11-02,1053864,46853,18950,136
K02000001,United Kingdom,overview,2020-11-01,1034914,46717,23254,162
K02000001,United Kingdom,overview,2020-10-31,1011660,46555,21915,326
K02000001,United Kingdom,overview,2020-10-30,989745,46229,24405,274
K02000001,United Kingdom,overview,2020-10-29,965340,45955,23065,280
K02000001,United Kingdom,overview,2020-10-28,942275,45675,24701,310
K02000001,United Kingdom,overview,2020-10-27,917575,45365,22885,367
K02000001,United Kingdom,overview,2020-10-26,894690,44998,20890,102
K02000001,United Kingdom,overview,2020-10-25,873800,44896,19790,151
K02000001,United Kingdom,overview,2020-10-24,854010,44745,23012,174
K02000001,United Kingdom,overview,2020-10-23,830998,44571,20530,224
K02000001,United Kingdom,overview,2020-10-22,810467,44347,21242,189
K02000001,United Kingdom,overview,2020-10-21,789229,44158,26688,191
K02000001,United Kingdom,overview,2020-10-20,762542,43967,21331,241
K02000001,United Kingdom,overview,2020-10-19,741212,43726,18804,80
K02000001,United Kingdom,overview,2020-10-18,722409,43646,16982,67
K02000001,United Kingdom,overview,2020-10-17,705428,43579,16171,150
K02000001,United Kingdom,overview,2020-10-16,689257,43429,15650,136
K02000001,United Kingdom,overview,2020-10-15,673622,43293,18980,138
K02000001,United Kingdom,overview,2020-10-14,654644,43155,19724,137
K02000001,United Kingdom,overview,2020-10-13,634920,43018,17234,143
K02000001,United Kingdom,overview,2020-10-12,617688,42875,13972,50
K02000001,United Kingdom,overview,2020-10-11,603716,42825,12872,65
K02000001,United Kingdom,overview,2020-10-10,590844,42760,15166,81
K02000001,United Kingdom,overview,2020-10-09,575679,42679,13864,87
K02000001,United Kingdom,overview,2020-10-08,561815,42592,17540,77
K02000001,United Kingdom,overview,2020-10-07,544275,42515,14162,70
K02000001,United Kingdom,overview,2020-10-06,530113,42445,14542,76
K02000001,United Kingdom,overview,2020-10-05,515571,42369,12594,19
K02000001,United Kingdom,overview,2020-10-04,502978,42350,22961,33
K02000001,United Kingdom,overview,2020-10-03,480017,42317,12872,49
K02000001,United Kingdom,overview,2020-10-02,467146,42268,6968,66
K02000001,United Kingdom,overview,2020-10-01,460178,42202,6914,59
K02000001,United Kingdom,overview,2020-09-30,453264,42143,7108,71
K02000001,United Kingdom,overview,2020-09-29,446156,42072,7143,71
K02000001,United Kingdom,overview,2020-09-28,439013,42001,4044,13
K02000001,United Kingdom,overview,2020-09-27,434969,41988,5693,17
K02000001,United Kingdom,overview,2020-09-26,429277,41971,6042,34
K02000001,United Kingdom,overview,2020-09-25,423236,41937,6874,35
K02000001,United Kingdom,overview,2020-09-24,416363,41902,6634,40
K02000001,United Kingdom,overview,2020-09-23,409729,41862,6178,37
K02000001,United Kingdom,overview,2020-09-22,403551,41825,4926,37
K02000001,United Kingdom,overview,2020-09-21,398625,41788,4368,11
K02000001,United Kingdom,overview,2020-09-20,394257,41777,3899,18
K02000001,United Kingdom,overview,2020-09-19,390358,41759,4422,27
K02000001,United Kingdom,overview,2020-09-18,385936,41732,4322,27
K02000001,United Kingdom,overview,2020-09-17,381614,41705,3395,21
K02000001,United Kingdom,overview,2020-09-16,378219,41684,3991,20
K02000001,United Kingdom,overview,2020-09-15,374228,41664,3105,27
K02000001,United Kingdom,overview,2020-09-14,371125,41637,2621,9
K02000001,United Kingdom,overview,2020-09-13,368504,41628,3330,5
K02000001,United Kingdom,overview,2020-09-12,365174,41623,3497,9
K02000001,United Kingdom,overview,2020-09-11,361677,41614,3539,6
K02000001,United Kingdom,overview,2020-09-10,358138,41608,2919,14
K02000001,United Kingdom,overview,2020-09-09,355219,41594,2659,8
K02000001,United Kingdom,overview,2020-09-08,352560,41586,2460,32
K02000001,United Kingdom,overview,2020-09-07,350100,41554,2948,3
K02000001,United Kingdom,overview,2020-09-06,347152,41551,2988,2
K02000001,United Kingdom,overview,2020-09-05,344164,41549,1813,12
K02000001,United Kingdom,overview,2020-09-04,342351,41537,1940,10
K02000001,United Kingdom,overview,2020-09-03,340411,41527,1735,13
K02000001,United Kingdom,overview,2020-09-02,338676,41514,1508,10
K02000001,United Kingdom,overview,2020-09-01,337168,41504,1295,3
K02000001,United Kingdom,overview,2020-08-31,335873,41501,1406,2
K02000001,United Kingdom,overview,2020-08-30,334467,41499,1715,1
K02000001,United Kingdom,overview,2020-08-29,332752,41498,1108,12
K02000001,United Kingdom,overview,2020-08-28,331644,41486,1276,9
K02000001,United Kingdom,overview,2020-08-27,330368,41477,1522,12
K02000001,United Kingdom,overview,2020-08-26,328846,41465,1048,16
K02000001,United Kingdom,overview,2020-08-25,327798,41449,1184,16
K02000001,United Kingdom,overview,2020-08-24,326614,41433,853,4
K02000001,United Kingdom,overview,2020-08-23,325761,41429,1160,6
K02000001,United Kingdom,overview,2020-08-22,324601,41423,1288,18
K02000001,United Kingdom,overview,2020-08-21,323313,41405,1033,2
K02000001,United Kingdom,overview,2020-08-20,322280,41403,1182,6
K02000001,United Kingdom,overview,2020-08-19,321098,41397,812,16
K02000001,United Kingdom,overview,2020-08-18,320286,41381,1089,12
K02000001,United Kingdom,overview,2020-08-17,319197,41369,713,3
K02000001,United Kingdom,overview,2020-08-16,318484,41366,1040,5
K02000001,United Kingdom,overview,2020-08-15,317444,41361,1077,3
K02000001,United Kingdom,overview,2020-08-14,316367,41358,1441,11
K02000001,United Kingdom,overview,2020-08-13,314927,41347,1129,18
K02000001,United Kingdom,overview,2020-08-12,313798,41329,1009,20
K02000001,United Kingdom,overview,2020-08-11,312789,41309,1148,13
K02000001,United Kingdom,overview,2020-08-10,311641,41296,740,18
K02000001,United Kingdom,overview,2020-08-09,310825,41278,1062,5
K02000001,United Kingdom,overview,2020-08-08,309763,41273,758,3
K02000001,United Kingdom,overview,2020-08-07,309005,41270,871,12
K02000001,United Kingdom,overview,2020-08-06,308134,41258,950,18
K02000001,United Kingdom,overview,2020-08-05,307184,41240,892,14
K02000001,United Kingdom,overview,2020-08-04,306293,41226,670,18
K02000001,United Kingdom,overview,2020-08-03,305623,41208,898,1
K02000001,United Kingdom,overview,2020-08-02,304685,41207,744,5
K02000001,United Kingdom,overview,2020-08-01,303942,41202,761,13
K02000001,United Kingdom,overview,2020-07-31,303181,41189,880,20
K02000001,United Kingdom,overview,2020-07-30,302301,41169,846,0
K02000001,United Kingdom,overview,2020-07-29,301455,41169,763,34
K02000001,United Kingdom,overview,2020-07-28,300692,41135,581,21
K02000001,United Kingdom,overview,2020-07-27,300111,41114,685,3
K02000001,United Kingdom,overview,2020-07-26,299426,41111,745,8
K02000001,United Kingdom,overview,2020-07-25,298681,41103,767,15
K02000001,United Kingdom,overview,2020-07-24,297914,41088,768,32
K02000001,United Kingdom,overview,2020-07-23,297146,41056,769,9
K02000001,United Kingdom,overview,2020-07-22,296377,41047,560,17
K02000001,United Kingdom,overview,2020-07-21,295817,41030,445,25
K02000001,United Kingdom,overview,2020-07-20,295372,41005,557,10
K02000001,United Kingdom,overview,2020-07-19,294792,40995,726,11
K02000001,United Kingdom,overview,2020-07-18,294066,40984,827,9
K02000001,United Kingdom,overview,2020-07-17,293239,40975,687,26
K02000001,United Kingdom,overview,2020-07-16,292552,40949,642,24
K02000001,United Kingdom,overview,2020-07-15,291911,40925,538,26
K02000001,United Kingdom,overview,2020-07-14,291373,40899,398,44
K02000001,United Kingdom,overview,2020-07-13,290133,40855,530,10
K02000001,United Kingdom,overview,2020-07-12,289603,40845,650,9
K02000001,United Kingdom,overview,2020-07-11,288953,40836,820,17
K02000001,United Kingdom,overview,2020-07-10,288133,40819,512,34
K02000001,United Kingdom,overview,2020-07-09,287621,40785,642,31
K02000001,United Kingdom,overview,2020-07-08,286979,40754,630,57
K02000001,United Kingdom,overview,2020-07-07,286349,40697,581,54
K02000001,United Kingdom,overview,2020-07-06,285768,40643,343,11
K02000001,United Kingdom,overview,2020-07-05,285416,40632,516,19
K02000001,United Kingdom,overview,2020-07-04,284900,40613,624,32
K02000001,United Kingdom,overview,2020-07-03,284276,40581,544,50
K02000001,United Kingdom,overview,2020-07-02,283757,40532,576,41
K02000001,United Kingdom,overview,2020-07-01,313483,40491,829,97
K02000001,United Kingdom,overview,2020-06-30,312654,40394,689,53
K02000001,United Kingdom,overview,2020-06-29,311965,40341,815,21
K02000001,United Kingdom,overview,2020-06-28,311151,40320,901,31
K02000001,United Kingdom,overview,2020-06-27,310250,40289,890,40
K02000001,United Kingdom,overview,2020-06-26,309360,40249,1006,79
K02000001,United Kingdom,overview,2020-06-25,307980,40172,1118,99
K02000001,United Kingdom,overview,2020-06-24,306862,40073,653,87
K02000001,United Kingdom,overview,2020-06-23,306210,39986,874,94
K02000001,United Kingdom,overview,2020-06-22,305289,39892,958,14
K02000001,United Kingdom,overview,2020-06-21,304331,39878,1221,31
K02000001,United Kingdom,overview,2020-06-20,303110,39847,1295,71
K02000001,United Kingdom,overview,2020-06-19,301815,39776,1346,84
K02000001,United Kingdom,overview,2020-06-18,300469,39692,1218,67
K02000001,United Kingdom,overview,2020-06-17,299251,39625,1115,110
K02000001,United Kingdom,overview,2020-06-16,298136,39515,1279,120
K02000001,United Kingdom,overview,2020-06-15,296857,39395,1056,29
K02000001,United Kingdom,overview,2020-06-14,295889,39366,1514,27
K02000001,United Kingdom,overview,2020-06-13,294375,39339,1425,107
K02000001,United Kingdom,overview,2020-06-12,292950,39232,1541,131
K02000001,United Kingdom,overview,2020-06-11,291409,39101,1266,76
K02000001,United Kingdom,overview,2020-06-10,290143,39025,1003,164
K02000001,United Kingdom,overview,2020-06-09,289140,38861,1387,195
K02000001,United Kingdom,overview,2020-06-08,287399,38666,1205,47
K02000001,United Kingdom,overview,2020-06-07,286194,38619,1326,54
K02000001,United Kingdom,overview,2020-06-06,284868,38565,1557,143
K02000001,United Kingdom,overview,2020-06-05,283311,38422,1650,258
K02000001,United Kingdom,overview,2020-06-04,281661,38164,1805,130
K02000001,United Kingdom,overview,2020-06-03,279856,38034,1871,254
K02000001,United Kingdom,overview,2020-06-02,277985,37780,1613,249
K02000001,United Kingdom,overview,2020-06-01,276332,37531,1570,86
K02000001,United Kingdom,overview,2020-05-31,274762,37445,1936,60
K02000001,United Kingdom,overview,2020-05-30,272826,37385,2445,154
K02000001,United Kingdom,overview,2020-05-29,271222,37231,2095,274
K02000001,United Kingdom,overview,2020-05-28,269127,36957,1887,343
K02000001,United Kingdom,overview,2020-05-27,267240,36614,2013,422
K02000001,United Kingdom,overview,2020-05-26,265227,36192,2004,131
K02000001,United Kingdom,overview,2020-05-25,261184,36061,1625,104
K02000001,United Kingdom,overview,2020-05-24,259559,35957,2409,379
K02000001,United Kingdom,overview,2020-05-23,257154,35578,2959,220
K02000001,United Kingdom,overview,2020-05-22,254195,35358,3287,291
K02000001,United Kingdom,overview,2020-05-21,250908,35067,2615,273
K02000001,United Kingdom,overview,2020-05-20,248293,34794,2472,328
K02000001,United Kingdom,overview,2020-05-19,248818,34466,2412,500
K02000001,United Kingdom,overview,2020-05-18,246406,33966,2684,146
K02000001,United Kingdom,overview,2020-05-17,243723,33820,3562,67
K02000001,United Kingdom,overview,2020-05-16,240161,33753,3451,411
K02000001,United Kingdom,overview,2020-05-15,236711,33342,3560,350
K02000001,United Kingdom,overview,2020-05-14,233151,32992,3446,352
K02000001,United Kingdom,overview,2020-05-13,229705,32640,3242,447
K02000001,United Kingdom,overview,2020-05-12,226463,32193,3403,614
K02000001,United Kingdom,overview,2020-05-11,223060,31579,3877,187
K02000001,United Kingdom,overview,2020-05-10,219183,31392,3923,217
K02000001,United Kingdom,overview,2020-05-09,215260,31175,3896,275
K02000001,United Kingdom,overview,2020-05-08,211364,30900,4649,579
K02000001,United Kingdom,overview,2020-05-07,206715,30321,5614,458
K02000001,United Kingdom,overview,2020-05-06,201101,29863,6111,647
K02000001,United Kingdom,overview,2020-05-05,194990,29216,4406,726
K02000001,United Kingdom,overview,2020-05-04,190584,28490,3985,272
K02000001,United Kingdom,overview,2020-05-03,186599,28218,4339,253
K02000001,United Kingdom,overview,2020-05-02,182260,27965,4806,584
K02000001,United Kingdom,overview,2020-05-01,177454,27381,6201,698
K02000001,United Kingdom,overview,2020-04-30,171253,26683,6032,634
K02000001,United Kingdom,overview,2020-04-29,165221,26049,4076,769
K02000001,United Kingdom,overview,2020-04-28,161145,25280,3996,969
K02000001,United Kingdom,overview,2020-04-27,157149,24311,4310,320
K02000001,United Kingdom,overview,2020-04-26,152840,23991,4463,364
K02000001,United Kingdom,overview,2020-04-25,148377,23627,4913,815
K02000001,United Kingdom,overview,2020-04-24,143464,22812,5386,1010
K02000001,United Kingdom,overview,2020-04-23,138078,21802,4583,682
K02000001,United Kingdom,overview,2020-04-22,133495,21120,4451,847
K02000001,United Kingdom,overview,2020-04-21,129044,20273,4301,1224
K02000001,United Kingdom,overview,2020-04-20,124743,19049,4676,570
K02000001,United Kingdom,overview,2020-04-19,120067,18479,5850,432
K02000001,United Kingdom,overview,2020-04-18,114217,18047,5526,1105
K02000001,United Kingdom,overview,2020-04-17,108692,16942,5599,913
K02000001,United Kingdom,overview,2020-04-16,103093,16029,4618,1036
K02000001,United Kingdom,overview,2020-04-15,98476,14993,4605,880
K02000001,United Kingdom,overview,2020-04-14,93873,14113,5252,1076
K02000001,United Kingdom,overview,2020-04-13,88621,13037,4342,724
K02000001,United Kingdom,overview,2020-04-12,84279,12313,5288,657
K02000001,United Kingdom,overview,2020-04-11,78991,11656,5234,843
K02000001,United Kingdom,overview,2020-04-10,73758,10813,5706,1122
K02000001,United Kingdom,overview,2020-04-09,68052,9691,4675,1116
K02000001,United Kingdom,overview,2020-04-08,63377,8575,5865,1030
K02000001,United Kingdom,overview,2020-04-07,57512,7545,3888,1105
K02000001,United Kingdom,overview,2020-04-06,53624,6440,4143,567
K02000001,United Kingdom,overview,2020-04-05,49481,5873,6199,599
K02000001,United Kingdom,overview,2020-04-04,43282,5274,4000,756
K02000001,United Kingdom,overview,2020-04-03,39282,4518,4672,736
K02000001,United Kingdom,overview,2020-04-02,34610,3782,4522,657
K02000001,United Kingdom,overview,2020-04-01,30088,3125,4567,672
K02000001,United Kingdom,overview,2020-03-31,25521,2453,3250,403
K02000001,United Kingdom,overview,2020-03-30,22271,2050,2665,374
K02000001,United Kingdom,overview,2020-03-29,19606,1676,2502,212
K02000001,United Kingdom,overview,2020-03-28,17104,1464,2556,292
K02000001,United Kingdom,overview,2020-03-27,14548,1172,2890,288
K02000001,United Kingdom,overview,2020-03-26,11658,884,2129,181
K02000001,United Kingdom,overview,2020-03-25,9529,703,1452,191
K02000001,United Kingdom,overview,2020-03-24,8077,512,1427,148
K02000001,United Kingdom,overview,2020-03-23,6650,364,967,76
K02000001,United Kingdom,overview,2020-03-22,5683,288,665,36
K02000001,United Kingdom,overview,2020-03-21,5018,252,1035,58
K02000001,United Kingdom,overview,2020-03-20,3983,194,714,32
K02000001,United Kingdom,overview,2020-03-19,3269,162,643,46
K02000001,United Kingdom,overview,2020-03-18,2626,116,676,34
K02000001,United Kingdom,overview,2020-03-17,1950,82,407,17
K02000001,United Kingdom,overview,2020-03-16,1543,65,152,22
K02000001,United Kingdom,overview,2020-03-15,1391,43,330,14
K02000001,United Kingdom,overview,2020-03-14,1061,29,264,19
K02000001,United Kingdom,overview,2020-03-13,797,10,207,1
K02000001,United Kingdom,overview,2020-03-12,590,9,134,2
K02000001,United Kingdom,overview,2020-03-11,456,7,83,0
K02000001,United Kingdom,overview,2020-03-10,373,7,52,4
K02000001,United Kingdom,overview,2020-03-09,321,3,50,1
K02000001,United Kingdom,overview,2020-03-08,271,2,65,0
K02000001,United Kingdom,overview,2020-03-07,206,2,46,1
K02000001,United Kingdom,overview,2020-03-06,160,1,46,1
K02000001,United Kingdom,overview,2020-03-05,114,,29,
K02000001,United Kingdom,overview,2020-03-04,85,,34,
K02000001,United Kingdom,overview,2020-03-03,51,,11,
K02000001,United Kingdom,overview,2020-03-02,40,,5,
K02000001,United Kingdom,overview,2020-03-01,35,,12,
K02000001,United Kingdom,overview,2020-02-29,23,,4,
K02000001,United Kingdom,overview,2020-02-28,19,,6,
K02000001,United Kingdom,overview,2020-02-27,13,,0,
K02000001,United Kingdom,overview,2020-02-26,13,,0,
K02000001,United Kingdom,overview,2020-02-25,13,,0,
K02000001,United Kingdom,overview,2020-02-24,13,,4,
K02000001,United Kingdom,overview,2020-02-23,9,,0,
K02000001,United Kingdom,overview,2020-02-22,9,,0,
K02000001,United Kingdom,overview,2020-02-21,9,,0,
K02000001,United Kingdom,overview,2020-02-20,9,,0,
K02000001,United Kingdom,overview,2020-02-19,9,,0,
K02000001,United Kingdom,overview,2020-02-18,9,,0,
K02000001,United Kingdom,overview,2020-02-17,9,,0,
K02000001,United Kingdom,overview,2020-02-16,9,,0,
K02000001,United Kingdom,overview,2020-02-15,9,,0,
K02000001,United Kingdom,overview,2020-02-14,9,,0,
K02000001,United Kingdom,overview,2020-02-13,9,,1,
K02000001,United Kingdom,overview,2020-02-12,8,,0,
K02000001,United Kingdom,overview,2020-02-11,8,,0,
K02000001,United Kingdom,overview,2020-02-10,8,,4,
K02000001,United Kingdom,overview,2020-02-09,4,,1,
K02000001,United Kingdom,overview,2020-02-08,3,,0,
K02000001,United Kingdom,overview,2020-02-07,3,,0,
K02000001,United Kingdom,overview,2020-02-06,3,,1,
K02000001,United Kingdom,overview,2020-02-05,2,,0,
K02000001,United Kingdom,overview,2020-02-04,2,,0,
K02000001,United Kingdom,overview,2020-02-03,2,,0,
K02000001,United Kingdom,overview,2020-02-02,2,,0,
K02000001,United Kingdom,overview,2020-02-01,2,,0,
K02000001,United Kingdom,overview,2020-01-31,2,,2,
